acc_no,bookname,authorname,authorsmark,copy_no,user_id,publisher_name,date_of_pub,date_of_acc,source,bill_no,date_of_bill,M:M,cd
14220,"Compilers - Principles, Techniques and Tools","Alfred V. Aho, Ravi Sethi, Jeffrey D. Ullman",AHO,1,101E,Pearson Education,01/10/2014,01/12/2014,Donation,1EFG11201,01/10/2014,549,no
14221,"Compilers - Principles, Techniques and Tools","Alfred V. Aho, Ravi Sethi, Jeffrey D. Ullman",AHO,2,101E,Pearson Education,01/10/2014,01/12/2014,Donation,1EFG11201,01/10/2014,549,no
14222,"Compilers - Principles, Techniques and Tools","Alfred V. Aho, Ravi Sethi, Jeffrey D. Ullman",AHO,3,101E,Pearson Education,01/10/2014,01/12/2014,Donation,1EFG11201,01/10/2014,549,no
14223,"Compilers - Principles, Techniques and Tools","Alfred V. Aho, Ravi Sethi, Jeffrey D. Ullman",AHO,4,101E,Pearson Education,01/10/2014,01/12/2014,Donation,1EFG11201,01/10/2014,549,no
14224,"Compilers - Principles, Techniques and Tools","Alfred V. Aho, Ravi Sethi, Jeffrey D. Ullman",AHO,5,101E,Pearson Education,01/10/2014,01/12/2014,Donation,1EFG11201,01/10/2014,549,no
14225,"Compilers - Principles, Techniques and Tools","Alfred V. Aho, Ravi Sethi, Jeffrey D. Ullman",AHO,6,101E,Pearson Education,01/10/2014,01/12/2014,Donation,1EFG11201,01/10/2014,549,no
14226,"Compilers - Principles, Techniques and Tools","Alfred V. Aho, Ravi Sethi, Jeffrey D. Ullman",AHO,7,101E,Pearson Education,01/10/2014,01/12/2014,Donation,1EFG11201,01/10/2014,549,no
14227,"Compilers - Principles, Techniques and Tools","Alfred V. Aho, Ravi Sethi, Jeffrey D. Ullman",AHO,8,101E,Pearson Education,01/10/2014,01/12/2014,Donation,1EFG11201,01/10/2014,549,no
14228,"Compilers - Principles, Techniques and Tools","Alfred V. Aho, Ravi Sethi, Jeffrey D. Ullman",AHO,9,101E,Pearson Education,01/10/2014,01/12/2014,Donation,1EFG11201,01/10/2014,549,no
14229,"Compilers - Principles, Techniques and Tools","Alfred V. Aho, Ravi Sethi, Jeffrey D. Ullman",AHO,10,101E,Pearson Education,01/10/2014,01/12/2014,Donation,1EFG11201,01/10/2014,549,no
14230,"Compilers - Principles, Techniques and Tools","Alfred V. Aho, Ravi Sethi, Jeffrey D. Ullman",AHO,11,101E,Pearson Education,01/10/2014,01/12/2014,Donation,1EFG11201,01/10/2014,549,no
14231,"Compilers - Principles, Techniques and Tools","Alfred V. Aho, Ravi Sethi, Jeffrey D. Ullman",AHO,12,101E,Pearson Education,01/10/2014,01/12/2014,Donation,1EFG11201,01/10/2014,549,no
14232,"Compilers - Principles, Techniques and Tools","Alfred V. Aho, Ravi Sethi, Jeffrey D. Ullman",AHO,13,101E,Pearson Education,01/10/2014,01/12/2014,Donation,1EFG11201,01/10/2014,549,no
14233,"Compilers - Principles, Techniques and Tools","Alfred V. Aho, Ravi Sethi, Jeffrey D. Ullman",AHO,14,101E,Pearson Education,01/10/2014,01/12/2014,Donation,1EFG11201,01/10/2014,549,no
14234,"Compilers - Principles, Techniques and Tools","Alfred V. Aho, Ravi Sethi, Jeffrey D. Ullman",AHO,15,101E,Pearson Education,01/10/2014,01/12/2014,Donation,1EFG11201,01/10/2014,549,no
14235,"Compilers - Principles, Techniques and Tools","Alfred V. Aho, Ravi Sethi, Jeffrey D. Ullman",AHO,16,101E,Pearson Education,01/10/2014,01/12/2014,Donation,1EFG11201,01/10/2014,549,no
14236,"Compilers - Principles, Techniques and Tools","Alfred V. Aho, Ravi Sethi, Jeffrey D. Ullman",AHO,17,101E,Pearson Education,01/10/2014,01/12/2014,Donation,1EFG11201,01/10/2014,549,no
14237,"Compilers - Principles, Techniques and Tools","Alfred V. Aho, Ravi Sethi, Jeffrey D. Ullman",AHO,18,101E,Pearson Education,01/10/2014,01/12/2014,Donation,1EFG11201,01/10/2014,549,no
14238,"Compilers - Principles, Techniques and Tools","Alfred V. Aho, Ravi Sethi, Jeffrey D. Ullman",AHO,19,101E,Pearson Education,01/10/2014,01/12/2014,Donation,1EFG11201,01/10/2014,549,no
14239,"Compilers - Principles, Techniques and Tools","Alfred V. Aho, Ravi Sethi, Jeffrey D. Ullman",AHO,20,101E,Pearson Education,01/10/2014,01/12/2014,Donation,1EFG11201,01/10/2014,549,no
14241,An Integrated Approoach to Software Engineering,Pankaj Jalote,JAL,1,110F,Narosa,01/11/2014,01/01/2015,Buy,1EFR1230F,01/11/2014,250,no
14242,An Integrated Approoach to Software Engineering,Pankaj Jalote,JAL,2,110F,Narosa,01/11/2014,01/01/2015,Buy,1EFR1230F,01/11/2014,250,no
14243,An Integrated Approoach to Software Engineering,Pankaj Jalote,JAL,3,110F,Narosa,01/11/2014,01/01/2015,Buy,1EFR1230F,01/11/2014,250,no
14244,An Integrated Approoach to Software Engineering,Pankaj Jalote,JAL,4,110F,Narosa,01/11/2014,01/01/2015,Buy,1EFR1230F,01/11/2014,250,no
14245,An Integrated Approoach to Software Engineering,Pankaj Jalote,JAL,5,110F,Narosa,01/11/2014,01/01/2015,Buy,1EFR1230F,01/11/2014,250,no
14246,An Integrated Approoach to Software Engineering,Pankaj Jalote,JAL,6,110F,Narosa,01/11/2014,01/01/2015,Buy,1EFR1230F,01/11/2014,250,no
14247,An Integrated Approoach to Software Engineering,Pankaj Jalote,JAL,7,110F,Narosa,01/11/2014,01/01/2015,Buy,1EFR1230F,01/11/2014,250,no
14248,An Integrated Approoach to Software Engineering,Pankaj Jalote,JAL,8,110F,Narosa,01/11/2014,01/01/2015,Buy,1EFR1230F,01/11/2014,250,no
14249,An Integrated Approoach to Software Engineering,Pankaj Jalote,JAL,9,110F,Narosa,01/11/2014,01/01/2015,Buy,1EFR1230F,01/11/2014,250,no
14250,An Integrated Approoach to Software Engineering,Pankaj Jalote,JAL,10,110F,Narosa,01/11/2014,01/01/2015,Buy,1EFR1230F,01/11/2014,250,no
14251,An Integrated Approoach to Software Engineering,Pankaj Jalote,JAL,11,110F,Narosa,01/11/2014,01/01/2015,Buy,1EFR1230F,01/11/2014,250,no
14252,An Integrated Approoach to Software Engineering,Pankaj Jalote,JAL,12,110F,Narosa,01/11/2014,01/01/2015,Buy,1EFR1230F,01/11/2014,250,no
14253,An Integrated Approoach to Software Engineering,Pankaj Jalote,JAL,13,110F,Narosa,01/11/2014,01/01/2015,Buy,1EFR1230F,01/11/2014,250,no
14254,An Integrated Approoach to Software Engineering,Pankaj Jalote,JAL,14,110F,Narosa,01/11/2014,01/01/2015,Buy,1EFR1230F,01/11/2014,250,no
14255,The C Programming Language,Bjarne Stroustrup,BAS,1,101E,Pearson Education,02/04/2015,03/05/2015,Buy,1ER14220F,01/05/2015,1050,no
14256,The C Programming Language,Bjarne Stroustrup,BAS,2,101E,Pearson Education,02/04/2015,03/05/2015,Buy,1ER14220F,01/05/2015,1050,no
14257,The C Programming Language,Bjarne Stroustrup,BAS,3,101E,Pearson Education,02/04/2015,03/05/2015,Buy,1ER14220F,01/05/2015,1050,no
14258,The C Programming Language,Bjarne Stroustrup,BAS,4,101E,Pearson Education,02/04/2015,03/05/2015,Buy,1ER14220F,01/05/2015,1050,no
14259,The C Programming Language,Bjarne Stroustrup,BAS,5,101E,Pearson Education,02/04/2015,03/05/2015,Buy,1ER14220F,01/05/2015,1050,no
14260,The C Programming Language,Bjarne Stroustrup,BAS,6,101E,Pearson Education,02/04/2015,03/05/2015,Buy,1ER14220F,01/05/2015,1050,no
14261,The C Programming Language,Bjarne Stroustrup,BAS,7,101E,Pearson Education,02/04/2015,03/05/2015,Buy,1ER14220F,01/05/2015,1050,no
14262,The C Programming Language,Bjarne Stroustrup,BAS,8,101E,Pearson Education,02/04/2015,03/05/2015,Buy,1ER14220F,01/05/2015,1050,no
14263,The C Programming Language,Bjarne Stroustrup,BAS,9,101E,Pearson Education,02/04/2015,03/05/2015,Buy,1ER14220F,01/05/2015,1050,no
14264,The C Programming Language,Bjarne Stroustrup,BAS,10,101E,Pearson Education,02/04/2015,03/05/2015,Buy,1ER14220F,01/05/2015,1050,no
14265,The C Programming Language,Bjarne Stroustrup,BAS,11,101E,Pearson Education,02/04/2015,03/05/2015,Buy,1ER14220F,01/05/2015,1050,no
14266,The C Programming Language,Bjarne Stroustrup,BAS,12,101E,Pearson Education,02/04/2015,03/05/2015,Buy,1ER14220F,01/05/2015,1050,no
14267,The C Programming Language,Bjarne Stroustrup,BAS,13,101E,Pearson Education,02/04/2015,03/05/2015,Buy,1ER14220F,01/05/2015,1050,no
14268,The C Programming Language,Bjarne Stroustrup,BAS,14,101E,Pearson Education,02/04/2015,03/05/2015,Buy,1ER14220F,01/05/2015,1050,no
14269,Python The Complete Reference,Martin C. Brown,MAR,1,111D,Mc Graw Hill,03/07/2015,10/08/2015,Buy,1FC12452L,08/08/2015,700,no
14270,Python The Complete Reference,Martin C. Brown,MAR,2,111D,Mc Graw Hill,03/07/2015,10/08/2015,Buy,1FC12452L,08/08/2015,700,no
14271,Python The Complete Reference,Martin C. Brown,MAR,3,111D,Mc Graw Hill,03/07/2015,10/08/2015,Buy,1FC12452L,08/08/2015,700,no
14272,Python The Complete Reference,Martin C. Brown,MAR,4,111D,Mc Graw Hill,03/07/2015,10/08/2015,Buy,1FC12452L,08/08/2015,700,no
14273,Python The Complete Reference,Martin C. Brown,MAR,5,111D,Mc Graw Hill,03/07/2015,10/08/2015,Buy,1FC12452L,08/08/2015,700,no
14274,Python The Complete Reference,Martin C. Brown,MAR,6,111D,Mc Graw Hill,03/07/2015,10/08/2015,Buy,1FC12452L,08/08/2015,700,no
14275,Python The Complete Reference,Martin C. Brown,MAR,7,111D,Mc Graw Hill,03/07/2015,10/08/2015,Buy,1FC12452L,08/08/2015,700,no
14276,Python The Complete Reference,Martin C. Brown,MAR,8,111D,Mc Graw Hill,03/07/2015,10/08/2015,Buy,1FC12452L,08/08/2015,700,no
14277,Python The Complete Reference,Martin C. Brown,MAR,9,111D,Mc Graw Hill,03/07/2015,10/08/2015,Buy,1FC12452L,08/08/2015,700,no
14278,Python The Complete Reference,Martin C. Brown,MAR,10,111D,Mc Graw Hill,03/07/2015,10/08/2015,Buy,1FC12452L,08/08/2015,700,no
14279,Python The Complete Reference,Martin C. Brown,MAR,11,111D,Mc Graw Hill,03/07/2015,10/08/2015,Buy,1FC12452L,08/08/2015,700,no
14280,Python The Complete Reference,Martin C. Brown,MAR,12,111D,Mc Graw Hill,03/07/2015,10/08/2015,Buy,1FC12452L,08/08/2015,700,no
14281,Python The Complete Reference,Martin C. Brown,MAR,13,111D,Mc Graw Hill,03/07/2015,10/08/2015,Buy,1FC12452L,08/08/2015,700,no
14282,Python The Complete Reference,Martin C. Brown,MAR,14,111D,Mc Graw Hill,03/07/2015,10/08/2015,Buy,1FC12452L,08/08/2015,700,no
14283,Python The Complete Reference,Martin C. Brown,MAR,15,111D,Mc Graw Hill,03/07/2015,10/08/2015,Buy,1FC12452L,08/08/2015,700,no
14284,Python The Complete Reference,Martin C. Brown,MAR,16,111D,Mc Graw Hill,03/07/2015,10/08/2015,Buy,1FC12452L,08/08/2015,700,no
14285,Python The Complete Reference,Martin C. Brown,MAR,17,111D,Mc Graw Hill,03/07/2015,10/08/2015,Buy,1FC12452L,08/08/2015,700,no
14286,Python The Complete Reference,Martin C. Brown,MAR,18,111D,Mc Graw Hill,03/07/2015,10/08/2015,Buy,1FC12452L,08/08/2015,700,no
14287,Python The Complete Reference,Martin C. Brown,MAR,19,111D,Mc Graw Hill,03/07/2015,10/08/2015,Buy,1FC12452L,08/08/2015,700,no
14288,Python The Complete Reference,Martin C. Brown,MAR,20,111D,Mc Graw Hill,03/07/2015,10/08/2015,Buy,1FC12452L,08/08/2015,700,no
14289,Computer Graphics,Hearn and Baker,HEB,1,113R,Prentice Hall,06/01/2016,09/02/2016,Buy,1VC64593B,07/02/2016,1500,no
14290,Computer Graphics,Hearn and Baker,HEB,2,113R,Prentice Hall,06/01/2016,09/02/2016,Buy,1VC64593B,07/02/2016,1500,no
14291,Computer Graphics,Hearn and Baker,HEB,3,113R,Prentice Hall,06/01/2016,09/02/2016,Buy,1VC64593B,07/02/2016,1500,no
14292,Computer Graphics,Hearn and Baker,HEB,4,113R,Prentice Hall,06/01/2016,09/02/2016,Buy,1VC64593B,07/02/2016,1500,no
14293,Computer Graphics,Hearn and Baker,HEB,5,113R,Prentice Hall,06/01/2016,09/02/2016,Buy,1VC64593B,07/02/2016,1500,no
14294,Computer Graphics,Hearn and Baker,HEB,6,113R,Prentice Hall,06/01/2016,09/02/2016,Buy,1VC64593B,07/02/2016,1500,no
14295,Computer Graphics,Hearn and Baker,HEB,7,113R,Prentice Hall,06/01/2016,09/02/2016,Buy,1VC64593B,07/02/2016,1500,no
14296,Computer Graphics,Hearn and Baker,HEB,8,113R,Prentice Hall,06/01/2016,09/02/2016,Buy,1VC64593B,07/02/2016,1500,no
14297,Computer Graphics,Hearn and Baker,HEB,9,113R,Prentice Hall,06/01/2016,09/02/2016,Buy,1VC64593B,07/02/2016,1500,no
14298,Computer Graphics,Hearn and Baker,HEB,10,113R,Prentice Hall,06/01/2016,09/02/2016,Buy,1VC64593B,07/02/2016,1500,no
14299,Computer Graphics,Hearn and Baker,HEB,11,113R,Prentice Hall,06/01/2016,09/02/2016,Buy,1VC64593B,07/02/2016,1500,no
14300,Computer Graphics,Hearn and Baker,HEB,12,113R,Prentice Hall,06/01/2016,09/02/2016,Buy,1VC64593B,07/02/2016,1500,no
14301,Computer Graphics,Hearn and Baker,HEB,13,113R,Prentice Hall,06/01/2016,09/02/2016,Buy,1VC64593B,07/02/2016,1500,no
14302,Computer Graphics,Hearn and Baker,HEB,14,113R,Prentice Hall,06/01/2016,09/02/2016,Buy,1VC64593B,07/02/2016,1500,no
14303,Computer Graphics,Hearn and Baker,HEB,15,113R,Prentice Hall,06/01/2016,09/02/2016,Buy,1VC64593B,07/02/2016,1500,no
14304,Computer Graphics,Hearn and Baker,HEB,16,113R,Prentice Hall,06/01/2016,09/02/2016,Buy,1VC64593B,07/02/2016,1500,no
14305,Computer Graphics,Hearn and Baker,HEB,17,113R,Prentice Hall,06/01/2016,09/02/2016,Buy,1VC64593B,07/02/2016,1500,no
14306,Computer Graphics,Hearn and Baker,HEB,18,113R,Prentice Hall,06/01/2016,09/02/2016,Buy,1VC64593B,07/02/2016,1500,no
14307,Computer Graphics,Hearn and Baker,HEB,19,113R,Prentice Hall,06/01/2016,09/02/2016,Buy,1VC64593B,07/02/2016,1500,no
14308,Computer Graphics,Hearn and Baker,HEB,20,113R,Prentice Hall,06/01/2016,09/02/2016,Buy,1VC64593B,07/02/2016,1500,no
14309,Computer System Architecture,M. Morris Mano,MAN,1,121A,Prentice Hall,11/01/2016,        15/02/2016,Buy,1HV45839M,13/02/2016,600,no
14310,Computer System Architecture,M. Morris Mano,MAN,2,121A,Prentice Hall,11/01/2016,        15/02/2016,Buy,1HV45839M,13/02/2016,600,no
14311,Computer System Architecture,M. Morris Mano,MAN,3,121A,Prentice Hall,11/01/2016,        15/02/2016,Buy,1HV45839M,13/02/2016,600,no
14312,Computer System Architecture,M. Morris Mano,MAN,4,121A,Prentice Hall,11/01/2016,        15/02/2016,Buy,1HV45839M,13/02/2016,600,no
14313,Computer System Architecture,M. Morris Mano,MAN,5,121A,Prentice Hall,11/01/2016,        15/02/2016,Buy,1HV45839M,13/02/2016,600,no
14314,Computer System Architecture,M. Morris Mano,MAN,6,121A,Prentice Hall,11/01/2016,        15/02/2016,Buy,1HV45839M,13/02/2016,600,no
14315,Computer System Architecture,M. Morris Mano,MAN,7,121A,Prentice Hall,11/01/2016,        15/02/2016,Buy,1HV45839M,13/02/2016,600,no
14316,Computer System Architecture,M. Morris Mano,MAN,8,121A,Prentice Hall,11/01/2016,        15/02/2016,Buy,1HV45839M,13/02/2016,600,no
14317,Computer System Architecture,M. Morris Mano,MAN,9,121A,Prentice Hall,11/01/2016,        15/02/2016,Buy,1HV45839M,13/02/2016,600,no
14318,Computer System Architecture,M. Morris Mano,MAN,10,121A,Prentice Hall,11/01/2016,        15/02/2016,Buy,1HV45839M,13/02/2016,600,no
14319,Computer System Architecture,M. Morris Mano,MAN,11,121A,Prentice Hall,11/01/2016,        15/02/2016,Buy,1HV45839M,13/02/2016,600,no
14320,Computer System Architecture,M. Morris Mano,MAN,12,121A,Prentice Hall,11/01/2016,        15/02/2016,Buy,1HV45839M,13/02/2016,600,no
14321,Computer System Architecture,M. Morris Mano,MAN,13,121A,Prentice Hall,11/01/2016,        15/02/2016,Buy,1HV45839M,13/02/2016,600,no
14322,Computer System Architecture,M. Morris Mano,MAN,14,121A,Prentice Hall,11/01/2016,        15/02/2016,Buy,1HV45839M,13/02/2016,600,no
14323,Computer System Architecture,M. Morris Mano,MAN,15,121A,Prentice Hall,11/01/2016,        15/02/2016,Buy,1HV45839M,13/02/2016,600,no
14324,Basic Electrical Engineering,B L Theraja,BLT,1,131B,S Chand Publishing,12/02/2016,21/03/2016,Donation,1HG68536N,18/03/2016,560,no
14325,Basic Electrical Engineering,B L Theraja,BLT,2,131B,S Chand Publishing,12/02/2016,21/03/2016,Donation,1HG68536N,18/03/2016,560,no
14326,Basic Electrical Engineering,B L Theraja,BLT,3,131B,S Chand Publishing,12/02/2016,21/03/2016,Donation,1HG68536N,18/03/2016,560,no
14327,Basic Electrical Engineering,B L Theraja,BLT,4,131B,S Chand Publishing,12/02/2016,21/03/2016,Donation,1HG68536N,18/03/2016,560,no
14328,Basic Electrical Engineering,B L Theraja,BLT,5,131B,S Chand Publishing,12/02/2016,21/03/2016,Donation,1HG68536N,18/03/2016,560,no
14329,Basic Electrical Engineering,B L Theraja,BLT,6,131B,S Chand Publishing,12/02/2016,21/03/2016,Donation,1HG68536N,18/03/2016,560,no
14330,Basic Electrical Engineering,B L Theraja,BLT,7,131B,S Chand Publishing,12/02/2016,21/03/2016,Donation,1HG68536N,18/03/2016,560,no
14331,Basic Electrical Engineering,B L Theraja,BLT,8,131B,S Chand Publishing,12/02/2016,21/03/2016,Donation,1HG68536N,18/03/2016,560,no
14332,Basic Electrical Engineering,B L Theraja,BLT,9,131B,S Chand Publishing,12/02/2016,21/03/2016,Donation,1HG68536N,18/03/2016,560,no
14333,Basic Electrical Engineering,B L Theraja,BLT,10,131B,S Chand Publishing,12/02/2016,21/03/2016,Donation,1HG68536N,18/03/2016,560,no
14334,Basic Electrical Engineering,B L Theraja,BLT,11,131B,S Chand Publishing,12/02/2016,21/03/2016,Donation,1HG68536N,18/03/2016,560,no
14335,Basic Electrical Engineering,B L Theraja,BLT,12,131B,S Chand Publishing,12/02/2016,21/03/2016,Donation,1HG68536N,18/03/2016,560,no
14336,Basic Electrical Engineering,B L Theraja,BLT,13,131B,S Chand Publishing,12/02/2016,21/03/2016,Donation,1HG68536N,18/03/2016,560,no
14337,Basic Electrical Engineering,B L Theraja,BLT,14,131B,S Chand Publishing,12/02/2016,21/03/2016,Donation,1HG68536N,18/03/2016,560,no
14338,Basic Electrical Engineering,B L Theraja,BLT,15,131B,S Chand Publishing,12/02/2016,21/03/2016,Donation,1HG68536N,18/03/2016,560,no
14339,Engineering Mathematics,Das Pal,DAP,1,130A,Dhur & Sons,18/03/2016,25/04/2016,Buy,1GK38909M,21/04/2016,1000,no
14340,Engineering Mathematics,Das Pal,DAP,2,130A,Dhur & Sons,18/03/2016,25/04/2016,Buy,1GK38909M,21/04/2016,1000,no
14341,Engineering Mathematics,Das Pal,DAP,3,130A,Dhur & Sons,18/03/2016,25/04/2016,Buy,1GK38909M,21/04/2016,1000,no
14342,Engineering Mathematics,Das Pal,DAP,4,130A,Dhur & Sons,18/03/2016,25/04/2016,Buy,1GK38909M,21/04/2016,1000,no
14343,Engineering Mathematics,Das Pal,DAP,5,130A,Dhur & Sons,18/03/2016,25/04/2016,Buy,1GK38909M,21/04/2016,1000,no
14344,Engineering Mathematics,Das Pal,DAP,6,130A,Dhur & Sons,18/03/2016,25/04/2016,Buy,1GK38909M,21/04/2016,1000,no
14345,Engineering Mathematics,Das Pal,DAP,7,130A,Dhur & Sons,18/03/2016,25/04/2016,Buy,1GK38909M,21/04/2016,1000,no
14346,Engineering Mathematics,Das Pal,DAP,8,130A,Dhur & Sons,18/03/2016,25/04/2016,Buy,1GK38909M,21/04/2016,1000,no
14347,Engineering Mathematics,Das Pal,DAP,9,130A,Dhur & Sons,18/03/2016,25/04/2016,Buy,1GK38909M,21/04/2016,1000,no
14348,Engineering Mathematics,Das Pal,DAP,10,130A,Dhur & Sons,18/03/2016,25/04/2016,Buy,1GK38909M,21/04/2016,1000,no
14349,Engineering Mathematics,Das Pal,DAP,11,130A,Dhur & Sons,18/03/2016,25/04/2016,Buy,1GK38909M,21/04/2016,1000,no
14350,Engineering Mathematics,Das Pal,DAP,12,130A,Dhur & Sons,18/03/2016,25/04/2016,Buy,1GK38909M,21/04/2016,1000,no
14351,Engineering Mathematics,Das Pal,DAP,13,130A,Dhur & Sons,18/03/2016,25/04/2016,Buy,1GK38909M,21/04/2016,1000,no
14352,Engineering Mathematics,Das Pal,DAP,14,130A,Dhur & Sons,18/03/2016,25/04/2016,Buy,1GK38909M,21/04/2016,1000,no
14353,Engineering Mathematics,Das Pal,DAP,15,130A,Dhur & Sons,18/03/2016,25/04/2016,Buy,1GK38909M,21/04/2016,1000,no
14354,Engineering Mathematics,Das Pal,DAP,16,130A,Dhur & Sons,18/03/2016,25/04/2016,Buy,1GK38909M,21/04/2016,1000,no
14355,Engineering Mathematics,Das Pal,DAP,17,130A,Dhur & Sons,18/03/2016,25/04/2016,Buy,1GK38909M,21/04/2016,1000,no
14356,Engineering Mathematics,Das Pal,DAP,18,130A,Dhur & Sons,18/03/2016,25/04/2016,Buy,1GK38909M,21/04/2016,1000,no
14357,Engineering Mathematics,Das Pal,DAP,19,130A,Dhur & Sons,18/03/2016,25/04/2016,Buy,1GK38909M,21/04/2016,1000,no
14358,Engineering Mathematics,Das Pal,DAP,20,130A,Dhur & Sons,18/03/2016,25/04/2016,Buy,1GK38909M,21/04/2016,1000,no
14359,Engineering Mathematics,Das Pal,DAP,21,130A,Dhur & Sons,18/03/2016,25/04/2016,Buy,1GK38909M,21/04/2016,1000,no
14360,Engineering Mathematics,Das Pal,DAP,22,130A,Dhur & Sons,18/03/2016,25/04/2016,Buy,1GK38909M,21/04/2016,1000,no
14361,Engineering Mathematics,Das Pal,DAP,23,130A,Dhur & Sons,18/03/2016,25/04/2016,Buy,1GK38909M,21/04/2016,1000,no
14362,Engineering Mathematics,Das Pal,DAP,24,130A,Dhur & Sons,18/03/2016,25/04/2016,Buy,1GK38909M,21/04/2016,1000,no
14363,Engineering Mathematics,Das Pal,DAP,25,130A,Dhur & Sons,18/03/2016,25/04/2016,Buy,1GK38909M,21/04/2016,1000,no
14364,Engineering Mathematics,Das Pal,DAP,26,130A,Dhur & Sons,18/03/2016,25/04/2016,Buy,1GK38909M,21/04/2016,1000,no
14365,Engineering Mathematics,Das Pal,DAP,27,130A,Dhur & Sons,18/03/2016,25/04/2016,Buy,1GK38909M,21/04/2016,1000,no
14366,Engineering Mathematics,Das Pal,DAP,28,130A,Dhur & Sons,18/03/2016,25/04/2016,Buy,1GK38909M,21/04/2016,1000,no
14367,Engineering Mathematics,Das Pal,DAP,29,130A,Dhur & Sons,18/03/2016,25/04/2016,Buy,1GK38909M,21/04/2016,1000,no
14368,Engineering Mathematics,Das Pal,DAP,30,130A,Dhur & Sons,18/03/2016,25/04/2016,Buy,1GK38909M,21/04/2016,1000,no
14369,Discrete Mathematics and it's Application,Rozen,ROZ,1,121N,Tata McGraw Hill,28/04/2016,10/06/2016,Buy,1RG90349K,08/06/2016,650,no
14370,Discrete Mathematics and it's Application,Rozen,ROZ,2,121N,Tata McGraw Hill,28/04/2016,10/06/2016,Buy,1RG90349K,08/06/2016,650,no
14371,Discrete Mathematics and it's Application,Rozen,ROZ,3,121N,Tata McGraw Hill,28/04/2016,10/06/2016,Buy,1RG90349K,08/06/2016,650,no
14372,Discrete Mathematics and it's Application,Rozen,ROZ,4,121N,Tata McGraw Hill,28/04/2016,10/06/2016,Buy,1RG90349K,08/06/2016,650,no
14373,Discrete Mathematics and it's Application,Rozen,ROZ,5,121N,Tata McGraw Hill,28/04/2016,10/06/2016,Buy,1RG90349K,08/06/2016,650,no
14374,Discrete Mathematics and it's Application,Rozen,ROZ,6,121N,Tata McGraw Hill,28/04/2016,10/06/2016,Buy,1RG90349K,08/06/2016,650,no
14375,Discrete Mathematics and it's Application,Rozen,ROZ,7,121N,Tata McGraw Hill,28/04/2016,10/06/2016,Buy,1RG90349K,08/06/2016,650,no
14376,Discrete Mathematics and it's Application,Rozen,ROZ,8,121N,Tata McGraw Hill,28/04/2016,10/06/2016,Buy,1RG90349K,08/06/2016,650,no
14377,Discrete Mathematics and it's Application,Rozen,ROZ,9,121N,Tata McGraw Hill,28/04/2016,10/06/2016,Buy,1RG90349K,08/06/2016,650,no
14378,Discrete Mathematics and it's Application,Rozen,ROZ,10,121N,Tata McGraw Hill,28/04/2016,10/06/2016,Buy,1RG90349K,08/06/2016,650,no
14379,Discrete Mathematics and it's Application,Rozen,ROZ,11,121N,Tata McGraw Hill,28/04/2016,10/06/2016,Buy,1RG90349K,08/06/2016,650,no
14380,Discrete Mathematics and it's Application,Rozen,ROZ,12,121N,Tata McGraw Hill,28/04/2016,10/06/2016,Buy,1RG90349K,08/06/2016,650,no
14381,Discrete Mathematics and it's Application,Rozen,ROZ,13,121N,Tata McGraw Hill,28/04/2016,10/06/2016,Buy,1RG90349K,08/06/2016,650,no
14382,Discrete Mathematics and it's Application,Rozen,ROZ,14,121N,Tata McGraw Hill,28/04/2016,10/06/2016,Buy,1RG90349K,08/06/2016,650,no
14383,Discrete Mathematics and it's Application,Rozen,ROZ,15,121N,Tata McGraw Hill,28/04/2016,10/06/2016,Buy,1RG90349K,08/06/2016,650,no
14384,Discrete Mathematics and it's Application,Rozen,ROZ,16,121N,Tata McGraw Hill,28/04/2016,10/06/2016,Buy,1RG90349K,08/06/2016,650,no
14385,Discrete Mathematics and it's Application,Rozen,ROZ,17,121N,Tata McGraw Hill,28/04/2016,10/06/2016,Buy,1RG90349K,08/06/2016,650,no
14386,Discrete Mathematics and it's Application,Rozen,ROZ,18,121N,Tata McGraw Hill,28/04/2016,10/06/2016,Buy,1RG90349K,08/06/2016,650,no
14387,Discrete Mathematics and it's Application,Rozen,ROZ,19,121N,Tata McGraw Hill,28/04/2016,10/06/2016,Buy,1RG90349K,08/06/2016,650,no
14388,Discrete Mathematics and it's Application,Rozen,ROZ,20,121N,Tata McGraw Hill,28/04/2016,10/06/2016,Buy,1RG90349K,08/06/2016,650,no
14389,Discrete Mathematics and it's Application,Rozen,ROZ,21,121N,Tata McGraw Hill,28/04/2016,10/06/2016,Buy,1RG90349K,08/06/2016,650,no
14390,Discrete Mathematics and it's Application,Rozen,ROZ,22,121N,Tata McGraw Hill,28/04/2016,10/06/2016,Buy,1RG90349K,08/06/2016,650,no
14391,Discrete Mathematics and it's Application,Rozen,ROZ,23,121N,Tata McGraw Hill,28/04/2016,10/06/2016,Buy,1RG90349K,08/06/2016,650,no
14392,Discrete Mathematics and it's Application,Rozen,ROZ,24,121N,Tata McGraw Hill,28/04/2016,10/06/2016,Buy,1RG90349K,08/06/2016,650,no
14393,Discrete Mathematics and it's Application,Rozen,ROZ,25,121N,Tata McGraw Hill,28/04/2016,10/06/2016,Buy,1RG90349K,08/06/2016,650,no
14394,Data Structures with C,Seymour Lipschutz,LIP,1,117A, McGraw Hill,05/06/2016,15/07/2016,Donation,1KH78509B,13/07/2016,1000,no
14395,Data Structures with C,Seymour Lipschutz,LIP,2,117A, McGraw Hill,05/06/2016,15/07/2016,Donation,1KH78509B,13/07/2016,1000,no
14396,Data Structures with C,Seymour Lipschutz,LIP,3,117A, McGraw Hill,05/06/2016,15/07/2016,Donation,1KH78509B,13/07/2016,1000,no
14397,Data Structures with C,Seymour Lipschutz,LIP,4,117A, McGraw Hill,05/06/2016,15/07/2016,Donation,1KH78509B,13/07/2016,1000,no
14398,Data Structures with C,Seymour Lipschutz,LIP,5,117A, McGraw Hill,05/06/2016,15/07/2016,Donation,1KH78509B,13/07/2016,1000,no
14399,Data Structures with C,Seymour Lipschutz,LIP,6,117A, McGraw Hill,05/06/2016,15/07/2016,Donation,1KH78509B,13/07/2016,1000,no
14400,Data Structures with C,Seymour Lipschutz,LIP,7,117A, McGraw Hill,05/06/2016,15/07/2016,Donation,1KH78509B,13/07/2016,1000,no
14401,Data Structures with C,Seymour Lipschutz,LIP,8,117A, McGraw Hill,05/06/2016,15/07/2016,Donation,1KH78509B,13/07/2016,1000,no
14402,Data Structures with C,Seymour Lipschutz,LIP,9,117A, McGraw Hill,05/06/2016,15/07/2016,Donation,1KH78509B,13/07/2016,1000,no
14403,Data Structures with C,Seymour Lipschutz,LIP,10,117A, McGraw Hill,05/06/2016,15/07/2016,Donation,1KH78509B,13/07/2016,1000,no
14404,Computer Organization,Hamacher Vranesic Zaky,HVZ,1,122P, McGraw Hill,18/06/2016,25/07/2016,Buy,1ED90898S,22/07/2016,650,no
14405,Computer Organization,Hamacher Vranesic Zaky,HVZ,2,122P, McGraw Hill,18/06/2016,25/07/2016,Buy,1ED90898S,22/07/2016,650,no
14406,Computer Organization,Hamacher Vranesic Zaky,HVZ,3,122P, McGraw Hill,18/06/2016,25/07/2016,Buy,1ED90898S,22/07/2016,650,no
14407,Computer Organization,Hamacher Vranesic Zaky,HVZ,4,122P, McGraw Hill,18/06/2016,25/07/2016,Buy,1ED90898S,22/07/2016,650,no
14408,Computer Organization,Hamacher Vranesic Zaky,HVZ,5,122P, McGraw Hill,18/06/2016,25/07/2016,Buy,1ED90898S,22/07/2016,650,no
14409,Computer Organization,Hamacher Vranesic Zaky,HVZ,6,122P, McGraw Hill,18/06/2016,25/07/2016,Buy,1ED90898S,22/07/2016,650,no
14410,Computer Organization,Hamacher Vranesic Zaky,HVZ,7,122P, McGraw Hill,18/06/2016,25/07/2016,Buy,1ED90898S,22/07/2016,650,no
14411,Computer Organization,Hamacher Vranesic Zaky,HVZ,8,122P, McGraw Hill,18/06/2016,25/07/2016,Buy,1ED90898S,22/07/2016,650,no
14412,Computer Organization,Hamacher Vranesic Zaky,HVZ,9,122P, McGraw Hill,18/06/2016,25/07/2016,Buy,1ED90898S,22/07/2016,650,no
14413,Computer Organization,Hamacher Vranesic Zaky,HVZ,10,122P, McGraw Hill,18/06/2016,25/07/2016,Buy,1ED90898S,22/07/2016,650,no
14414,Computer Organization,Hamacher Vranesic Zaky,HVZ,11,122P, McGraw Hill,18/06/2016,25/07/2016,Buy,1ED90898S,22/07/2016,650,no
14415,Computer Organization,Hamacher Vranesic Zaky,HVZ,12,122P, McGraw Hill,18/06/2016,25/07/2016,Buy,1ED90898S,22/07/2016,650,no
14416,Computer Organization,Hamacher Vranesic Zaky,HVZ,13,122P, McGraw Hill,18/06/2016,25/07/2016,Buy,1ED90898S,22/07/2016,650,no
14417,Computer Organization,Hamacher Vranesic Zaky,HVZ,14,122P, McGraw Hill,18/06/2016,25/07/2016,Buy,1ED90898S,22/07/2016,650,no
14418,Computer Organization,Hamacher Vranesic Zaky,HVZ,15,122P, McGraw Hill,18/06/2016,25/07/2016,Buy,1ED90898S,22/07/2016,650,no
14419,The Design of Everyday Things,Don Norman,DON,1,134C,Basic Books,21/06/2016,26/07/2016,Donation,1EFDGG21,03/07/2016,459,no
14420,The Design of Everyday Things,Don Norman,DON,2,134C,Basic Books,21/06/2016,26/07/2016,Donation,1EFDGG22,03/07/2016,880,no
14421,The Design of Everyday Things,Don Norman,DON,3,134C,Basic Books,21/06/2016,26/07/2016,Donation,1EFDGG23,03/07/2016,880,no
14422,The Design of Everyday Things,Don Norman,DON,4,134C,Basic Books,21/06/2016,26/07/2016,Donation,1EFDGG24,03/07/2016,880,no
14423,The Design of Everyday Things,Don Norman,DON,5,134C,Basic Books,21/06/2016,26/07/2016,Donation,1EFDGG25,03/07/2016,880,no
14424,The Design of Everyday Things,Don Norman,DON,6,134C,Basic Books,21/06/2016,26/07/2016,Donation,1EFDGG26,03/07/2016,880,no
14425,The Design of Everyday Things,Don Norman,DON,7,134C,Basic Books,21/06/2016,26/07/2016,Donation,1EFDGG27,03/07/2016,880,no
14426,The Design of Everyday Things,Don Norman,DON,8,134C,Basic Books,21/06/2016,26/07/2016,Donation,1EFDGG28,03/07/2016,880,no
14427,The Design of Everyday Things,Don Norman,DON,9,134C,Basic Books,21/06/2016,26/07/2016,Donation,1EFDGG29,03/07/2016,880,no
14428,The Design of Everyday Things,Don Norman,DON,10,134C,Basic Books,21/06/2016,26/07/2016,Donation,1EFDGG30,03/07/2016,880,no
14429,The Design of Everyday Things,Don Norman,DON,11,134C,Basic Books,21/06/2016,26/07/2016,Donation,1EFDGG31,03/07/2016,880,no
14430,The Design of Everyday Things,Don Norman,DON,12,134C,Basic Books,21/06/2016,26/07/2016,Donation,1EFDGG32,03/07/2016,880,no
14431,The Design of Everyday Things,Don Norman,DON,13,134C,Basic Books,21/06/2016,26/07/2016,Donation,1EFDGG33,03/07/2016,880,no
14432,The Design of Everyday Things,Don Norman,DON,14,134C,Basic Books,21/06/2016,26/07/2016,Donation,1EFDGG34,03/07/2016,880,no
14433,The Design of Everyday Things,Don Norman,DON,15,134C,Basic Books,21/06/2016,26/07/2016,Donation,1EFDGG35,03/07/2016,880,no
14434,The Fault In Our Stars,John Green,JON,1,144C,Pengin Books,02/06/2008,29/08/2016,Buy,1EFFG1241,31/08/2016,570,no
14435,The Fault In Our Stars,John Green,JON,2,144C,Pengin Books,02/06/2008,29/08/2016,Buy,1EFFG1242,31/08/2017,570,no
14436,The Fault In Our Stars,John Green,JON,3,144C,Pengin Books,02/06/2008,29/08/2016,Buy,1EFFG1243,31/08/2018,570,no
14437,The Fault In Our Stars,John Green,JON,4,144C,Pengin Books,02/06/2008,29/08/2016,Buy,1EFFG1244,31/08/2019,570,no
14438,The Fault In Our Stars,John Green,JON,5,144C,Pengin Books,02/06/2008,29/08/2016,Buy,1EFFG1245,31/08/2020,570,no
14439,The Fault In Our Stars,John Green,JON,6,144C,Pengin Books,02/06/2008,29/08/2016,Buy,1EFFG1246,31/08/2021,570,no
14440,The Fault In Our Stars,John Green,JON,7,144C,Pengin Books,02/06/2008,29/08/2016,Buy,1EFFG1247,31/08/2022,570,no
14441,The Fault In Our Stars,John Green,JON,8,144C,Pengin Books,02/06/2008,29/08/2016,Buy,1EFFG1248,31/08/2023,570,no
14442,The Fault In Our Stars,John Green,JON,9,144C,Pengin Books,02/06/2008,29/08/2016,Buy,1EFFG1249,31/08/2024,570,no
14443,The Fault In Our Stars,John Green,JON,10,144C,Pengin Books,02/06/2008,29/08/2016,Buy,1EFFG1250,31/08/2025,570,no
14444,The Fault In Our Stars,John Green,JON,11,144C,Pengin Books,02/06/2008,29/08/2016,Buy,1EFFG1251,31/08/2026,570,no
14445,The Fault In Our Stars,John Green,JON,12,144C,Pengin Books,02/06/2008,29/08/2016,Buy,1EFFG1252,31/08/2027,570,no
14446,The Fault In Our Stars,John Green,JON,13,144C,Pengin Books,02/06/2008,29/08/2016,Buy,1EFFG1253,31/08/2028,570,no
14447,The Fault In Our Stars,John Green,JON,14,144C,Pengin Books,02/06/2008,29/08/2016,Buy,1EFFG1254,31/08/2029,570,no
14448,The Fault In Our Stars,John Green,JON,15,144C,Pengin Books,02/06/2008,29/08/2016,Buy,1EFFG1255,31/08/2030,570,no
14449,The White Tiger,Arvind Adiga,ARV,1,182C,Penguin Books,02/06/2009,3/12/2016,Buy,1FGR45ACV,5/12/2016,480,no
14450,The White Tiger,Arvind Adiga,ARV,2,182C,Penguin Books,02/06/2009,3/12/2016,Buy,1FGR45ACV,5/12/2016,480,no
14451,The White Tiger,Arvind Adiga,ARV,3,182C,Penguin Books,02/06/2009,3/12/2016,Buy,1FGR45ACV,5/12/2016,480,no
14452,The White Tiger,Arvind Adiga,ARV,4,182C,Penguin Books,02/06/2009,3/12/2016,Buy,1FGR45ACV,5/12/2016,480,no
14453,The White Tiger,Arvind Adiga,ARV,5,182C,Penguin Books,02/06/2009,3/12/2016,Buy,1FGR45ACV,5/12/2016,480,no
14454,The White Tiger,Arvind Adiga,ARV,6,182C,Penguin Books,02/06/2009,3/12/2016,Buy,1FGR45ACV,5/12/2016,480,no
14455,The White Tiger,Arvind Adiga,ARV,7,182C,Penguin Books,02/06/2009,3/12/2016,Buy,1FGR45ACV,5/12/2016,480,no
14456,The White Tiger,Arvind Adiga,ARV,8,182C,Penguin Books,02/06/2009,3/12/2016,Buy,1FGR45ACV,5/12/2016,480,no
14457,The White Tiger,Arvind Adiga,ARV,9,182C,Penguin Books,02/06/2009,3/12/2016,Buy,1FGR45ACV,5/12/2016,480,no
14458,The White Tiger,Arvind Adiga,ARV,10,182C,Penguin Books,02/06/2009,3/12/2016,Buy,1FGR45ACV,5/12/2016,480,no
14459,The White Tiger,Arvind Adiga,ARV,11,182C,Penguin Books,02/06/2009,3/12/2016,Buy,1FGR45ACV,5/12/2016,480,no
14460,The White Tiger,Arvind Adiga,ARV,12,182C,Penguin Books,02/06/2009,3/12/2016,Buy,1FGR45ACV,5/12/2016,480,no
14461,The White Tiger,Arvind Adiga,ARV,13,182C,Penguin Books,02/06/2009,3/12/2016,Buy,1FGR45ACV,5/12/2016,480,no
14462,The White Tiger,Arvind Adiga,ARV,14,182C,Penguin Books,02/06/2009,3/12/2016,Buy,1FGR45ACV,5/12/2016,480,no
14463,The White Tiger,Arvind Adiga,ARV,15,182C,Penguin Books,02/06/2009,3/12/2016,Buy,1FGR45ACV,5/12/2016,480,no
14464,IT happens only in India,Arvind Bajaj,BAJ,1,122C,Rupa Books,10/10/2012,03/01/2017,Donation,1ERTGG45A,04/01/2017,370,no
14465,IT happens only in India,Arvind Bajaj,BAJ,2,122C,Rupa Books,10/10/2012,03/01/2017,Donation,1ERTGG45A,04/01/2017,370,no
14466,IT happens only in India,Arvind Bajaj,BAJ,3,122C,Rupa Books,10/10/2012,03/01/2017,Donation,1ERTGG45A,04/01/2017,370,no
14467,IT happens only in India,Arvind Bajaj,BAJ,4,122C,Rupa Books,10/10/2012,03/01/2017,Donation,1ERTGG45A,04/01/2017,370,no
14468,IT happens only in India,Arvind Bajaj,BAJ,5,122C,Rupa Books,10/10/2012,03/01/2017,Donation,1ERTGG45A,04/01/2017,370,no
14469,IT happens only in India,Arvind Bajaj,BAJ,6,122C,Rupa Books,10/10/2012,03/01/2017,Donation,1ERTGG45A,04/01/2017,370,no
14470,IT happens only in India,Arvind Bajaj,BAJ,7,122C,Rupa Books,10/10/2012,03/01/2017,Donation,1ERTGG45A,04/01/2017,370,no
14471,IT happens only in India,Arvind Bajaj,BAJ,8,122C,Rupa Books,10/10/2012,03/01/2017,Donation,1ERTGG45A,04/01/2017,370,no
14472,IT happens only in India,Arvind Bajaj,BAJ,9,122C,Rupa Books,10/10/2012,03/01/2017,Donation,1ERTGG45A,04/01/2017,370,no
14473,IT happens only in India,Arvind Bajaj,BAJ,10,122C,Rupa Books,10/10/2012,03/01/2017,Donation,1ERTGG45A,04/01/2017,370,no
14474,IT happens only in India,Arvind Bajaj,BAJ,11,122C,Rupa Books,10/10/2012,03/01/2017,Donation,1ERTGG45A,04/01/2017,370,no
14475,IT happens only in India,Arvind Bajaj,BAJ,12,122C,Rupa Books,10/10/2012,03/01/2017,Donation,1ERTGG45A,04/01/2017,370,no
14476,IT happens only in India,Arvind Bajaj,BAJ,13,122C,Rupa Books,10/10/2012,03/01/2017,Donation,1ERTGG45A,04/01/2017,370,no
14477,IT happens only in India,Arvind Bajaj,BAJ,14,122C,Rupa Books,10/10/2012,03/01/2017,Donation,1ERTGG45A,04/01/2017,370,no
14478,IT happens only in India,Arvind Bajaj,BAJ,15,122C,Rupa Books,10/10/2012,03/01/2017,Donation,1ERTGG45A,04/01/2017,370,no
14479,Me Before You,Jojo Moyes,JOM,1,132B,Penguin Books,05/01/2012,04/02/2017,Donation,1EVB12344R,08/02/2017,350,no
14480,Me Before You,Jojo Moyes,JOM,2,132B,Penguin Books,05/01/2012,04/02/2017,Donation,1EVB12344R,08/02/2017,350,no
14481,Me Before You,Jojo Moyes,JOM,3,132B,Penguin Books,05/01/2012,04/02/2017,Donation,1EVB12344R,08/02/2017,350,no
14482,Me Before You,Jojo Moyes,JOM,4,132B,Penguin Books,05/01/2012,04/02/2017,Donation,1EVB12344R,08/02/2017,350,no
14483,Me Before You,Jojo Moyes,JOM,5,132B,Penguin Books,05/01/2012,04/02/2017,Donation,1EVB12344R,08/02/2017,350,no
14484,Me Before You,Jojo Moyes,JOM,6,132B,Penguin Books,05/01/2012,04/02/2017,Donation,1EVB12344R,08/02/2017,350,no
14485,Me Before You,Jojo Moyes,JOM,7,132B,Penguin Books,05/01/2012,04/02/2017,Donation,1EVB12344R,08/02/2017,350,no
14486,Me Before You,Jojo Moyes,JOM,8,132B,Penguin Books,05/01/2012,04/02/2017,Donation,1EVB12344R,08/02/2017,350,no
14487,Me Before You,Jojo Moyes,JOM,9,132B,Penguin Books,05/01/2012,04/02/2017,Donation,1EVB12344R,08/02/2017,350,no
14488,Me Before You,Jojo Moyes,JOM,10,132B,Penguin Books,05/01/2012,04/02/2017,Donation,1EVB12344R,08/02/2017,350,no
14489,Me Before You,Jojo Moyes,JOM,11,132B,Penguin Books,05/01/2012,04/02/2017,Donation,1EVB12344R,08/02/2017,350,no
14490,Me Before You,Jojo Moyes,JOM,12,132B,Penguin Books,05/01/2012,04/02/2017,Donation,1EVB12344R,08/02/2017,350,no
14491,Me Before You,Jojo Moyes,JOM,13,132B,Penguin Books,05/01/2012,04/02/2017,Donation,1EVB12344R,08/02/2017,350,no
14492,Me Before You,Jojo Moyes,JOM,14,132B,Penguin Books,05/01/2012,04/02/2017,Donation,1EVB12344R,08/02/2017,350,no
14493,Me Before You,Jojo Moyes,JOM,15,132B,Penguin Books,05/01/2012,04/02/2017,Donation,1EVB12344R,08/02/2017,350,no
14494,Me Before You,Jojo Moyes,JOM,16,132B,Penguin Books,05/01/2012,04/02/2017,Donation,1EVB12344R,08/02/2017,350,no
14495,Me Before You,Jojo Moyes,JOM,17,132B,Penguin Books,05/01/2012,04/02/2017,Donation,1EVB12344R,08/02/2017,350,no
14496,Me Before You,Jojo Moyes,JOM,18,132B,Penguin Books,05/01/2012,04/02/2017,Donation,1EVB12344R,08/02/2017,350,no
14497,Me Before You,Jojo Moyes,JOM,19,132B,Penguin Books,05/01/2012,04/02/2017,Donation,1EVB12344R,08/02/2017,350,no
14498,Me Before You,Jojo Moyes,JOM,20,132B,Penguin Books,05/01/2012,04/02/2017,Donation,1EVB12344R,08/02/2017,350,no
14499,Fundamentals of Database Systems,R. Elmasri and S. Navathe,NAV,1,142S,McGraw Hill,02/07/2008,05/03/2017,Buy,1FWC13455S,08/03/2017,420,no
14500,Fundamentals of Database Systems,R. Elmasri and S. Navathe,NAV,2,142S,McGraw Hill,02/08/2008,05/03/2017,Buy,1FWC13455S,08/03/2017,420,no
14501,Fundamentals of Database Systems,R. Elmasri and S. Navathe,NAV,3,142S,McGraw Hill,02/08/2008,05/03/2017,Buy,1FWC13455S,08/03/2017,420,no
14502,Fundamentals of Database Systems,R. Elmasri and S. Navathe,NAV,4,142S,McGraw Hill,02/08/2008,05/03/2017,Buy,1FWC13455S,08/03/2017,420,no
14503,Fundamentals of Database Systems,R. Elmasri and S. Navathe,NAV,5,142S,McGraw Hill,02/08/2008,05/03/2017,Buy,1FWC13455S,08/03/2017,420,no
14504,Fundamentals of Database Systems,R. Elmasri and S. Navathe,NAV,6,142S,McGraw Hill,02/08/2008,05/03/2017,Buy,1FWC13455S,08/03/2017,420,no
14505,Fundamentals of Database Systems,R. Elmasri and S. Navathe,NAV,7,142S,McGraw Hill,02/08/2008,05/03/2017,Buy,1FWC13455S,08/03/2017,420,no
14506,Fundamentals of Database Systems,R. Elmasri and S. Navathe,NAV,8,142S,McGraw Hill,02/08/2008,05/03/2017,Buy,1FWC13455S,08/03/2017,420,no
14507,Fundamentals of Database Systems,R. Elmasri and S. Navathe,NAV,9,142S,McGraw Hill,02/08/2008,05/03/2017,Buy,1FWC13455S,08/03/2017,420,no
14508,Fundamentals of Database Systems,R. Elmasri and S. Navathe,NAV,10,142S,McGraw Hill,02/08/2008,05/03/2017,Buy,1FWC13455S,08/03/2017,420,no
14509,Fundamentals of Database Systems,R. Elmasri and S. Navathe,NAV,11,142S,McGraw Hill,02/08/2008,05/03/2017,Buy,1FWC13455S,08/03/2017,420,no
14510,Fundamentals of Database Systems,R. Elmasri and S. Navathe,NAV,12,142S,McGraw Hill,02/08/2008,05/03/2017,Buy,1FWC13455S,08/03/2017,420,no
14511,Fundamentals of Database Systems,R. Elmasri and S. Navathe,NAV,13,142S,McGraw Hill,02/08/2008,05/03/2017,Buy,1FWC13455S,08/03/2017,420,no
14512,Fundamentals of Database Systems,R. Elmasri and S. Navathe,NAV,14,142S,McGraw Hill,02/08/2008,05/03/2017,Buy,1FWC13455S,08/03/2017,420,no
14513,Fundamentals of Database Systems,R. Elmasri and S. Navathe,NAV,15,142S,McGraw Hill,02/08/2008,05/03/2017,Buy,1FWC13455S,08/03/2017,420,no
14514,Fundamentals of Database Systems,R. Elmasri and S. Navathe,NAV,16,142S,McGraw Hill,02/08/2008,05/03/2017,Buy,1FWC13455S,08/03/2017,420,no
14515,Fundamentals of Database Systems,R. Elmasri and S. Navathe,NAV,17,142S,McGraw Hill,02/08/2008,05/03/2017,Buy,1FWC13455S,08/03/2017,420,no
14516,Fundamentals of Database Systems,R. Elmasri and S. Navathe,NAV,18,142S,McGraw Hill,02/08/2008,05/03/2017,Buy,1FWC13455S,08/03/2017,420,no
14517,Fundamentals of Database Systems,R. Elmasri and S. Navathe,NAV,19,142S,McGraw Hill,02/08/2008,05/03/2017,Buy,1FWC13455S,08/03/2017,420,no
14518,Fundamentals of Database Systems,R. Elmasri and S. Navathe,NAV,20,142S,McGraw Hill,02/08/2008,05/03/2017,Buy,1FWC13455S,08/03/2017,420,no
14519,The Invisible Man,H G Wells,HGW,1,122C,Ratna Sagar ,02/02/2009,12/05/2017,Donation,1WERTFFA1,15/05/2017,250,no
14520,The Invisible Man,H G Wells,HGW,2,122C,Ratna Sagar ,02/02/2009,12/05/2017,Donation,1WERTFFA1,15/05/2017,250,no
14521,The Invisible Man,H G Wells,HGW,3,122C,Ratna Sagar ,02/02/2009,12/05/2017,Donation,1WERTFFA1,15/05/2017,250,no
14522,The Invisible Man,H G Wells,HGW,4,122C,Ratna Sagar ,02/02/2009,12/05/2017,Donation,1WERTFFA1,15/05/2017,250,no
14523,The Invisible Man,H G Wells,HGW,5,122C,Ratna Sagar ,02/02/2009,12/05/2017,Donation,1WERTFFA1,15/05/2017,250,no
14524,The Invisible Man,H G Wells,HGW,6,122C,Ratna Sagar ,02/02/2009,12/05/2017,Donation,1WERTFFA1,15/05/2017,250,no
14525,The Invisible Man,H G Wells,HGW,7,122C,Ratna Sagar ,02/02/2009,12/05/2017,Donation,1WERTFFA1,15/05/2017,250,no
14526,The Invisible Man,H G Wells,HGW,8,122C,Ratna Sagar ,02/02/2009,12/05/2017,Donation,1WERTFFA1,15/05/2017,250,no
14527,The Invisible Man,H G Wells,HGW,9,122C,Ratna Sagar ,02/02/2009,12/05/2017,Donation,1WERTFFA1,15/05/2017,250,no
14528,The Invisible Man,H G Wells,HGW,10,122C,Ratna Sagar ,02/02/2009,12/05/2017,Donation,1WERTFFA1,15/05/2017,250,no
14529,The Invisible Man,H G Wells,HGW,11,122C,Ratna Sagar ,02/02/2009,12/05/2017,Donation,1WERTFFA1,15/05/2017,250,no
14530,The Invisible Man,H G Wells,HGW,12,122C,Ratna Sagar ,02/02/2009,12/05/2017,Donation,1WERTFFA1,15/05/2017,250,no
14531,The Invisible Man,H G Wells,HGW,13,122C,Ratna Sagar ,02/02/2009,12/05/2017,Donation,1WERTFFA1,15/05/2017,250,no
14532,The Invisible Man,H G Wells,HGW,14,122C,Ratna Sagar ,02/02/2009,12/05/2017,Donation,1WERTFFA1,15/05/2017,250,no
14533,The Invisible Man,H G Wells,HGW,15,122C,Ratna Sagar ,02/02/2009,12/05/2017,Donation,1WERTFFA1,15/05/2017,250,no
14534,The Invisible Man,H G Wells,HGW,16,122C,Ratna Sagar ,02/02/2009,12/05/2017,Donation,1WERTFFA1,15/05/2017,250,no
14535,The Invisible Man,H G Wells,HGW,17,122C,Ratna Sagar ,02/02/2009,12/05/2017,Donation,1WERTFFA1,15/05/2017,250,no
14536,The Invisible Man,H G Wells,HGW,18,122C,Ratna Sagar ,02/02/2009,12/05/2017,Donation,1WERTFFA1,15/05/2017,250,no
14537,The Invisible Man,H G Wells,HGW,19,122C,Ratna Sagar ,02/02/2009,12/05/2017,Donation,1WERTFFA1,15/05/2017,250,no
14538,The Invisible Man,H G Wells,HGW,20,122C,Ratna Sagar ,02/02/2009,12/05/2017,Donation,1WERTFFA1,15/05/2017,250,no
14539,The Invisible Man,H G Wells,HGW,21,122C,Ratna Sagar ,02/02/2009,12/05/2017,Donation,1WERTFFA1,15/05/2017,250,no
14540,The Invisible Man,H G Wells,HGW,22,122C,Ratna Sagar ,02/02/2009,12/05/2017,Donation,1WERTFFA1,15/05/2017,250,no
14541,The Invisible Man,H G Wells,HGW,23,122C,Ratna Sagar ,02/02/2009,12/05/2017,Donation,1WERTFFA1,15/05/2017,250,no
14542,The Invisible Man,H G Wells,HGW,24,122C,Ratna Sagar ,02/02/2009,12/05/2017,Donation,1WERTFFA1,15/05/2017,250,no
14543,The Invisible Man,H G Wells,HGW,25,122C,Ratna Sagar ,02/02/2009,12/05/2017,Donation,1WERTFFA1,15/05/2017,250,no
14544,The Invisible Man,H G Wells,HGW,26,122C,Ratna Sagar ,02/02/2009,12/05/2017,Donation,1WERTFFA1,15/05/2017,250,no
14545,The Invisible Man,H G Wells,HGW,27,122C,Ratna Sagar ,02/02/2009,12/05/2017,Donation,1WERTFFA1,15/05/2017,250,no
14546,The Invisible Man,H G Wells,HGW,28,122C,Ratna Sagar ,02/02/2009,12/05/2017,Donation,1WERTFFA1,15/05/2017,250,no
14547,The Invisible Man,H G Wells,HGW,29,122C,Ratna Sagar ,02/02/2009,12/05/2017,Donation,1WERTFFA1,15/05/2017,250,no
14548,The Invisible Man,H G Wells,HGW,30,122C,Ratna Sagar ,02/02/2009,12/05/2017,Donation,1WERTFFA1,15/05/2017,250,no
14549,The Invisible Man,H G Wells,HGW,31,122C,Ratna Sagar ,02/02/2009,12/05/2017,Donation,1WERTFFA1,15/05/2017,250,no
14550,Robin Hood,Howard Pyle,HOW,1,131L,Scribner's,05/03/2010,23/06/2017,Buy,1AERT7894K,27/06/2017,390,no
14551,Robin Hood,Howard Pyle,HOW,2,131L,Scribner's,05/03/2010,23/06/2017,Buy,1AERT7894K,27/06/2017,390,no
14552,Robin Hood,Howard Pyle,HOW,3,131L,Scribner's,05/03/2010,23/06/2017,Buy,1AERT7894K,27/06/2017,390,no
14553,Robin Hood,Howard Pyle,HOW,4,131L,Scribner's,05/03/2010,23/06/2017,Buy,1AERT7894K,27/06/2017,390,no
14554,Robin Hood,Howard Pyle,HOW,5,131L,Scribner's,05/03/2010,23/06/2017,Buy,1AERT7894K,27/06/2017,390,no
14555,Robin Hood,Howard Pyle,HOW,6,131L,Scribner's,05/03/2010,23/06/2017,Buy,1AERT7894K,27/06/2017,390,no
14556,Robin Hood,Howard Pyle,HOW,7,131L,Scribner's,05/03/2010,23/06/2017,Buy,1AERT7894K,27/06/2017,390,no
14557,Robin Hood,Howard Pyle,HOW,8,131L,Scribner's,05/03/2010,23/06/2017,Buy,1AERT7894K,27/06/2017,390,no
14558,Robin Hood,Howard Pyle,HOW,9,131L,Scribner's,05/03/2010,23/06/2017,Buy,1AERT7894K,27/06/2017,390,no
14559,Robin Hood,Howard Pyle,HOW,10,131L,Scribner's,05/03/2010,23/06/2017,Buy,1AERT7894K,27/06/2017,390,no
14560,Robin Hood,Howard Pyle,HOW,11,131L,Scribner's,05/03/2010,23/06/2017,Buy,1AERT7894K,27/06/2017,390,no
14561,Robin Hood,Howard Pyle,HOW,12,131L,Scribner's,05/03/2010,23/06/2017,Buy,1AERT7894K,27/06/2017,390,no
14562,Robin Hood,Howard Pyle,HOW,13,131L,Scribner's,05/03/2010,23/06/2017,Buy,1AERT7894K,27/06/2017,390,no
14563,Robin Hood,Howard Pyle,HOW,14,131L,Scribner's,05/03/2010,23/06/2017,Buy,1AERT7894K,27/06/2017,390,no
14564,Robin Hood,Howard Pyle,HOW,15,131L,Scribner's,05/03/2010,23/06/2017,Buy,1AERT7894K,27/06/2017,390,no
14565,Robin Hood,Howard Pyle,HOW,16,131L,Scribner's,05/03/2010,23/06/2017,Buy,1AERT7894K,27/06/2017,390,no
14566,Robin Hood,Howard Pyle,HOW,17,131L,Scribner's,05/03/2010,23/06/2017,Buy,1AERT7894K,27/06/2017,390,no
14567,Robin Hood,Howard Pyle,HOW,18,131L,Scribner's,05/03/2010,23/06/2017,Buy,1AERT7894K,27/06/2017,390,no
14568,Robin Hood,Howard Pyle,HOW,19,131L,Scribner's,05/03/2010,23/06/2017,Buy,1AERT7894K,27/06/2017,390,no
14569,Robin Hood,Howard Pyle,HOW,20,131L,Scribner's,05/03/2010,23/06/2017,Buy,1AERT7894K,27/06/2017,390,no
14570,Uncle Tom's Cabin,Harriet Beecher Stowe,HBS,1,151P,John P. Jewett and Company,20/03/2008,10/07/2017,Donation,1AERT4789U,03/07/2017,470,no
14571,Uncle Tom's Cabin,Harriet Beecher Stowe,HBS,2,151P,John P. Jewett and Company,20/03/2008,10/07/2017,Donation,1AERT4789U,03/07/2017,470,no
14572,Uncle Tom's Cabin,Harriet Beecher Stowe,HBS,3,151P,John P. Jewett and Company,20/03/2008,10/07/2017,Donation,1AERT4789U,03/07/2017,470,no
14573,Uncle Tom's Cabin,Harriet Beecher Stowe,HBS,4,151P,John P. Jewett and Company,20/03/2008,10/07/2017,Donation,1AERT4789U,03/07/2017,470,no
14574,Uncle Tom's Cabin,Harriet Beecher Stowe,HBS,5,151P,John P. Jewett and Company,20/03/2008,10/07/2017,Donation,1AERT4789U,03/07/2017,470,no
14575,Uncle Tom's Cabin,Harriet Beecher Stowe,HBS,6,151P,John P. Jewett and Company,20/03/2008,10/07/2017,Donation,1AERT4789U,03/07/2017,470,no
14576,Uncle Tom's Cabin,Harriet Beecher Stowe,HBS,7,151P,John P. Jewett and Company,20/03/2008,10/07/2017,Donation,1AERT4789U,03/07/2017,470,no
14577,Uncle Tom's Cabin,Harriet Beecher Stowe,HBS,8,151P,John P. Jewett and Company,20/03/2008,10/07/2017,Donation,1AERT4789U,03/07/2017,470,no
14578,Uncle Tom's Cabin,Harriet Beecher Stowe,HBS,9,151P,John P. Jewett and Company,20/03/2008,10/07/2017,Donation,1AERT4789U,03/07/2017,470,no
14579,Uncle Tom's Cabin,Harriet Beecher Stowe,HBS,10,151P,John P. Jewett and Company,20/03/2008,10/07/2017,Donation,1AERT4789U,03/07/2017,470,no
14580,Uncle Tom's Cabin,Harriet Beecher Stowe,HBS,11,151P,John P. Jewett and Company,20/03/2008,10/07/2017,Donation,1AERT4789U,03/07/2017,470,no
14581,Uncle Tom's Cabin,Harriet Beecher Stowe,HBS,12,151P,John P. Jewett and Company,20/03/2008,10/07/2017,Donation,1AERT4789U,03/07/2017,470,no
14582,Uncle Tom's Cabin,Harriet Beecher Stowe,HBS,13,151P,John P. Jewett and Company,20/03/2008,10/07/2017,Donation,1AERT4789U,03/07/2017,470,no
14583,Uncle Tom's Cabin,Harriet Beecher Stowe,HBS,14,151P,John P. Jewett and Company,20/03/2008,10/07/2017,Donation,1AERT4789U,03/07/2017,470,no
14584,Uncle Tom's Cabin,Harriet Beecher Stowe,HBS,15,151P,John P. Jewett and Company,20/03/2008,10/07/2017,Donation,1AERT4789U,03/07/2017,470,no
14585,Uncle Tom's Cabin,Harriet Beecher Stowe,HBS,16,151P,John P. Jewett and Company,20/03/2008,10/07/2017,Donation,1AERT4789U,03/07/2017,470,no
14586,Uncle Tom's Cabin,Harriet Beecher Stowe,HBS,17,151P,John P. Jewett and Company,20/03/2008,10/07/2017,Donation,1AERT4789U,03/07/2017,470,no
14587,Uncle Tom's Cabin,Harriet Beecher Stowe,HBS,18,151P,John P. Jewett and Company,20/03/2008,10/07/2017,Donation,1AERT4789U,03/07/2017,470,no
14588,Uncle Tom's Cabin,Harriet Beecher Stowe,HBS,19,151P,John P. Jewett and Company,20/03/2008,10/07/2017,Donation,1AERT4789U,03/07/2017,470,no
14589,Uncle Tom's Cabin,Harriet Beecher Stowe,HBS,20,151P,John P. Jewett and Company,20/03/2008,10/07/2017,Donation,1AERT4789U,03/07/2017,470,no
14590,Alice in Wonderland,Lewis Carrol,LEW,1,171J,Macmillian,26/11/2005,22/07/2017,Buy,1AERT12351F,26/07/2017,320,no
14591,Alice in Wonderland,Lewis Carrol,LEW,2,171J,Macmillian,26/11/2005,22/07/2017,Buy,1AERT12351F,26/07/2017,320,no
14592,Alice in Wonderland,Lewis Carrol,LEW,3,171J,Macmillian,26/11/2005,22/07/2017,Buy,1AERT12351F,26/07/2017,320,no
14593,Alice in Wonderland,Lewis Carrol,LEW,4,171J,Macmillian,26/11/2005,22/07/2017,Buy,1AERT12351F,26/07/2017,320,no
14594,Alice in Wonderland,Lewis Carrol,LEW,5,171J,Macmillian,26/11/2005,22/07/2017,Buy,1AERT12351F,26/07/2017,320,no
14595,Alice in Wonderland,Lewis Carrol,LEW,6,171J,Macmillian,26/11/2005,22/07/2017,Buy,1AERT12351F,26/07/2017,320,no
14596,Alice in Wonderland,Lewis Carrol,LEW,7,171J,Macmillian,26/11/2005,22/07/2017,Buy,1AERT12351F,26/07/2017,320,no
14597,Alice in Wonderland,Lewis Carrol,LEW,8,171J,Macmillian,26/11/2005,22/07/2017,Buy,1AERT12351F,26/07/2017,320,no
14598,Alice in Wonderland,Lewis Carrol,LEW,9,171J,Macmillian,26/11/2005,22/07/2017,Buy,1AERT12351F,26/07/2017,320,no
14599,Alice in Wonderland,Lewis Carrol,LEW,10,171J,Macmillian,26/11/2005,22/07/2017,Buy,1AERT12351F,26/07/2017,320,no
14600,Alice in Wonderland,Lewis Carrol,LEW,11,171J,Macmillian,26/11/2005,22/07/2017,Buy,1AERT12351F,26/07/2017,320,no
14601,Alice in Wonderland,Lewis Carrol,LEW,12,171J,Macmillian,26/11/2005,22/07/2017,Buy,1AERT12351F,26/07/2017,320,no
14602,Alice in Wonderland,Lewis Carrol,LEW,13,171J,Macmillian,26/11/2005,22/07/2017,Buy,1AERT12351F,26/07/2017,320,no
14603,Alice in Wonderland,Lewis Carrol,LEW,14,171J,Macmillian,26/11/2005,22/07/2017,Buy,1AERT12351F,26/07/2017,320,no
14604,Alice in Wonderland,Lewis Carrol,LEW,15,171J,Macmillian,26/11/2005,22/07/2017,Buy,1AERT12351F,26/07/2017,320,no
14605,Alice in Wonderland,Lewis Carrol,LEW,16,171J,Macmillian,26/11/2005,22/07/2017,Buy,1AERT12351F,26/07/2017,320,no
14606,Alice in Wonderland,Lewis Carrol,LEW,17,171J,Macmillian,26/11/2005,22/07/2017,Buy,1AERT12351F,26/07/2017,320,no
14607,Alice in Wonderland,Lewis Carrol,LEW,18,171J,Macmillian,26/11/2005,22/07/2017,Buy,1AERT12351F,26/07/2017,320,no
14608,Alice in Wonderland,Lewis Carrol,LEW,19,171J,Macmillian,26/11/2005,22/07/2017,Buy,1AERT12351F,26/07/2017,320,no
14609,Alice in Wonderland,Lewis Carrol,LEW,20,171J,Macmillian,26/11/2005,22/07/2017,Buy,1AERT12351F,26/07/2017,320,no
14610,Twenty Thousand Leagues Under the Sea,Jules Verne,VER,1,191S,Pierre-Jules Hetzel,01/01/2000,01/08/2017,Donation,1DER1234L,06/08/2017,270,no
14611,Twenty Thousand Leagues Under the Sea,Jules Verne,VER,2,191S,Pierre-Jules Hetzel,01/01/2000,01/08/2017,Donation,1DER1234L,06/08/2017,270,no
14612,Twenty Thousand Leagues Under the Sea,Jules Verne,VER,3,191S,Pierre-Jules Hetzel,01/01/2000,01/08/2017,Donation,1DER1234L,06/08/2017,270,no
14613,Twenty Thousand Leagues Under the Sea,Jules Verne,VER,4,191S,Pierre-Jules Hetzel,01/01/2000,01/08/2017,Donation,1DER1234L,06/08/2017,270,no
14614,Twenty Thousand Leagues Under the Sea,Jules Verne,VER,5,191S,Pierre-Jules Hetzel,01/01/2000,01/08/2017,Donation,1DER1234L,06/08/2017,270,no
14615,Twenty Thousand Leagues Under the Sea,Jules Verne,VER,6,191S,Pierre-Jules Hetzel,01/01/2000,01/08/2017,Donation,1DER1234L,06/08/2017,270,no
14616,Twenty Thousand Leagues Under the Sea,Jules Verne,VER,7,191S,Pierre-Jules Hetzel,01/01/2000,01/08/2017,Donation,1DER1234L,06/08/2017,270,no
14617,Twenty Thousand Leagues Under the Sea,Jules Verne,VER,8,191S,Pierre-Jules Hetzel,01/01/2000,01/08/2017,Donation,1DER1234L,06/08/2017,270,no
14618,Twenty Thousand Leagues Under the Sea,Jules Verne,VER,9,191S,Pierre-Jules Hetzel,01/01/2000,01/08/2017,Donation,1DER1234L,06/08/2017,270,no
14619,Twenty Thousand Leagues Under the Sea,Jules Verne,VER,10,191S,Pierre-Jules Hetzel,01/01/2000,01/08/2017,Donation,1DER1234L,06/08/2017,270,no
14620,Twenty Thousand Leagues Under the Sea,Jules Verne,VER,11,191S,Pierre-Jules Hetzel,01/01/2000,01/08/2017,Donation,1DER1234L,06/08/2017,270,no
14621,Twenty Thousand Leagues Under the Sea,Jules Verne,VER,12,191S,Pierre-Jules Hetzel,01/01/2000,01/08/2017,Donation,1DER1234L,06/08/2017,270,no
14622,Twenty Thousand Leagues Under the Sea,Jules Verne,VER,13,191S,Pierre-Jules Hetzel,01/01/2000,01/08/2017,Donation,1DER1234L,06/08/2017,270,no
14623,Twenty Thousand Leagues Under the Sea,Jules Verne,VER,14,191S,Pierre-Jules Hetzel,01/01/2000,01/08/2017,Donation,1DER1234L,06/08/2017,270,no
14624,Twenty Thousand Leagues Under the Sea,Jules Verne,VER,15,191S,Pierre-Jules Hetzel,01/01/2000,01/08/2017,Donation,1DER1234L,06/08/2017,270,no
14625,Twenty Thousand Leagues Under the Sea,Jules Verne,VER,16,191S,Pierre-Jules Hetzel,01/01/2000,01/08/2017,Donation,1DER1234L,06/08/2017,270,no
14626,Twenty Thousand Leagues Under the Sea,Jules Verne,VER,17,191S,Pierre-Jules Hetzel,01/01/2000,01/08/2017,Donation,1DER1234L,06/08/2017,270,no
14627,Twenty Thousand Leagues Under the Sea,Jules Verne,VER,18,191S,Pierre-Jules Hetzel,01/01/2000,01/08/2017,Donation,1DER1234L,06/08/2017,270,no
14628,Twenty Thousand Leagues Under the Sea,Jules Verne,VER,19,191S,Pierre-Jules Hetzel,01/01/2000,01/08/2017,Donation,1DER1234L,06/08/2017,270,no
14629,Twenty Thousand Leagues Under the Sea,Jules Verne,VER,20,191S,Pierre-Jules Hetzel,01/01/2000,01/08/2017,Donation,1DER1234L,06/08/2017,270,no
14630,Around the World in Eighty Days,Jules Verne,VER,1,201T,Pierre-Jules Hetzel,05/05/2005,20/09/2017,Buy,1ART2237M,30/09/2017,310,no
14631,Around the World in Eighty Days,Jules Verne,VER,2,201T,Pierre-Jules Hetzel,05/05/2005,20/09/2017,Buy,1ART2237M,30/09/2017,310,no
14632,Around the World in Eighty Days,Jules Verne,VER,3,201T,Pierre-Jules Hetzel,05/05/2005,20/09/2017,Buy,1ART2237M,30/09/2017,310,no
14633,Around the World in Eighty Days,Jules Verne,VER,4,201T,Pierre-Jules Hetzel,05/05/2005,20/09/2017,Buy,1ART2237M,30/09/2017,310,no
14634,Around the World in Eighty Days,Jules Verne,VER,5,201T,Pierre-Jules Hetzel,05/05/2005,20/09/2017,Buy,1ART2237M,30/09/2017,310,no
14635,Around the World in Eighty Days,Jules Verne,VER,6,201T,Pierre-Jules Hetzel,05/05/2005,20/09/2017,Buy,1ART2237M,30/09/2017,310,no
14636,Around the World in Eighty Days,Jules Verne,VER,7,201T,Pierre-Jules Hetzel,05/05/2005,20/09/2017,Buy,1ART2237M,30/09/2017,310,no
14637,Around the World in Eighty Days,Jules Verne,VER,8,201T,Pierre-Jules Hetzel,05/05/2005,20/09/2017,Buy,1ART2237M,30/09/2017,310,no
14638,Around the World in Eighty Days,Jules Verne,VER,9,201T,Pierre-Jules Hetzel,05/05/2005,20/09/2017,Buy,1ART2237M,30/09/2017,310,no
14639,Around the World in Eighty Days,Jules Verne,VER,10,201T,Pierre-Jules Hetzel,05/05/2005,20/09/2017,Buy,1ART2237M,30/09/2017,310,no
14640,Around the World in Eighty Days,Jules Verne,VER,11,201T,Pierre-Jules Hetzel,05/05/2005,20/09/2017,Buy,1ART2237M,30/09/2017,310,no
14641,Around the World in Eighty Days,Jules Verne,VER,12,201T,Pierre-Jules Hetzel,05/05/2005,20/09/2017,Buy,1ART2237M,30/09/2017,310,no
14642,Around the World in Eighty Days,Jules Verne,VER,13,201T,Pierre-Jules Hetzel,05/05/2005,20/09/2017,Buy,1ART2237M,30/09/2017,310,no
14643,Around the World in Eighty Days,Jules Verne,VER,14,201T,Pierre-Jules Hetzel,05/05/2005,20/09/2017,Buy,1ART2237M,30/09/2017,310,no
14644,Around the World in Eighty Days,Jules Verne,VER,15,201T,Pierre-Jules Hetzel,05/05/2005,20/09/2017,Buy,1ART2237M,30/09/2017,310,no
14645,Around the World in Eighty Days,Jules Verne,VER,16,201T,Pierre-Jules Hetzel,05/05/2005,20/09/2017,Buy,1ART2237M,30/09/2017,310,no
14646,Around the World in Eighty Days,Jules Verne,VER,17,201T,Pierre-Jules Hetzel,05/05/2005,20/09/2017,Buy,1ART2237M,30/09/2017,310,no
14647,Around the World in Eighty Days,Jules Verne,VER,18,201T,Pierre-Jules Hetzel,05/05/2005,20/09/2017,Buy,1ART2237M,30/09/2017,310,no
14648,Around the World in Eighty Days,Jules Verne,VER,19,201T,Pierre-Jules Hetzel,05/05/2005,20/09/2017,Buy,1ART2237M,30/09/2017,310,no
14649,Around the World in Eighty Days,Jules Verne,VER,20,201T,Pierre-Jules Hetzel,05/05/2005,20/09/2017,Buy,1ART2237M,30/09/2017,310,no
14650,Rip Van Winkle,Washington Irving,IRV,1,211D,Macmillan,11/02/2013,29/11/2017,Donation,1ERT2896B,04/12/2017,270,no
14651,Rip Van Winkle,Washington Irving,IRV,2,211D,Macmillan,11/02/2013,29/11/2017,Donation,1ERT2896B,04/12/2017,270,no
14652,Rip Van Winkle,Washington Irving,IRV,3,211D,Macmillan,11/02/2013,29/11/2017,Donation,1ERT2896B,04/12/2017,270,no
14653,Rip Van Winkle,Washington Irving,IRV,4,211D,Macmillan,11/02/2013,29/11/2017,Donation,1ERT2896B,04/12/2017,270,no
14654,Rip Van Winkle,Washington Irving,IRV,5,211D,Macmillan,11/02/2013,29/11/2017,Donation,1ERT2896B,04/12/2017,270,no
14655,Rip Van Winkle,Washington Irving,IRV,6,211D,Macmillan,11/02/2013,29/11/2017,Donation,1ERT2896B,04/12/2017,270,no
14656,Rip Van Winkle,Washington Irving,IRV,7,211D,Macmillan,11/02/2013,29/11/2017,Donation,1ERT2896B,04/12/2017,270,no
14657,Rip Van Winkle,Washington Irving,IRV,8,211D,Macmillan,11/02/2013,29/11/2017,Donation,1ERT2896B,04/12/2017,270,no
14658,Rip Van Winkle,Washington Irving,IRV,9,211D,Macmillan,11/02/2013,29/11/2017,Donation,1ERT2896B,04/12/2017,270,no
14659,Rip Van Winkle,Washington Irving,IRV,10,211D,Macmillan,11/02/2013,29/11/2017,Donation,1ERT2896B,04/12/2017,270,no
14660,Rip Van Winkle,Washington Irving,IRV,11,211D,Macmillan,11/02/2013,29/11/2017,Donation,1ERT2896B,04/12/2017,270,no
14661,Rip Van Winkle,Washington Irving,IRV,12,211D,Macmillan,11/02/2013,29/11/2017,Donation,1ERT2896B,04/12/2017,270,no
14662,Rip Van Winkle,Washington Irving,IRV,13,211D,Macmillan,11/02/2013,29/11/2017,Donation,1ERT2896B,04/12/2017,270,no
14663,Rip Van Winkle,Washington Irving,IRV,14,211D,Macmillan,11/02/2013,29/11/2017,Donation,1ERT2896B,04/12/2017,270,no
14664,Rip Van Winkle,Washington Irving,IRV,15,211D,Macmillan,11/02/2013,29/11/2017,Donation,1ERT2896B,04/12/2017,270,no
14665,Rip Van Winkle,Washington Irving,IRV,16,211D,Macmillan,11/02/2013,29/11/2017,Donation,1ERT2896B,04/12/2017,270,no
14666,Rip Van Winkle,Washington Irving,IRV,17,211D,Macmillan,11/02/2013,29/11/2017,Donation,1ERT2896B,04/12/2017,270,no
14667,Rip Van Winkle,Washington Irving,IRV,18,211D,Macmillan,11/02/2013,29/11/2017,Donation,1ERT2896B,04/12/2017,270,no
14668,Rip Van Winkle,Washington Irving,IRV,19,211D,Macmillan,11/02/2013,29/11/2017,Donation,1ERT2896B,04/12/2017,270,no
14669,Rip Van Winkle,Washington Irving,IRV,20,211D,Macmillan,11/02/2013,29/11/2017,Donation,1ERT2896B,04/12/2017,270,no